feature,mean_abs_shap,rank
svcscan.nservices,0.06929448917622522,1
svcscan.shared_process_services,0.061591584518572204,2
svcscan.kernel_drivers,0.057949571067866384,3
handles.avg_handles_per_proc,0.05118989950472834,4
dlllist.avg_dlls_per_proc,0.04386750261931378,5
handles.nevent,0.02848079278124779,6
svcscan.process_services,0.02754818769805881,7
pslist.avg_handlers,0.023442557187164065,8
handles.nmutant,0.022869943200320115,9
handles.nhandles,0.018152599499196315,10
dlllist.ndlls,0.014314317929580052,11
handles.nsection,0.012926434044453948,12
handles.nkey,0.012157525414643327,13
handles.nthread,0.009721547860693151,14
svcscan.nactive,0.008248046987721611,15
ldrmodules.not_in_load,0.005907737771515764,16
ldrmodules.not_in_mem,0.005759751563904594,17
callbacks.ncallbacks,0.005744293226753197,18
handles.nsemaphore,0.005097065214178627,19
pslist.avg_threads,0.00487944393086433,20
